,Feature_232,Feature_41,Feature_10,Feature_215,Feature_164,Feature_165,Feature_142,Feature_173,Feature_87,Feature_170,Feature_36,Feature_50,Feature_224,Feature_149,Feature_225,Pet_ID,x1,x2,y1,y2,Blurriness
0,0.9054396748542790,0.0975239649415016,0.0476258732378482,0.4714577198028560,0.7346572875976560,1.5373072624206500,0.5277411937713620,0.7063046097755430,0.0675033181905746,1.329927921295170,0.1443664580583570,0.097833514213562,0.5989509224891660,0.5766234397888180,0.5251967906951900,002efc654,52,323,16,356,71.0
1,1.1720086336135900,0.1217343211174010,0.0499476864933967,0.9510132670402530,0.3935945034027100,1.008167743682860,0.9018389582633970,0.7611344456672670,0.033327504992485,1.308471441268920,0.100560151040554,0.1203490793704990,0.7987791299819950,1.4237011671066300,0.5629514455795290,00d26f809,109,348,19,167,81.0
2,0.527612566947937,0.1724822372198100,0.039717148989439,0.2029767036437990,0.5066313147544860,0.773429274559021,0.5215015411376950,0.146609753370285,0.0452021397650241,0.5346644520759580,0.2673006653785710,0.1460551917552950,0.557486355304718,0.4539094269275670,0.4871807992458340,0162ff4ad,22,341,41,435,41.0
3,0.477510005235672,0.1557914018630980,0.0347897708415985,0.8982219696044920,0.9023802280426020,0.8585493564605710,0.908610999584198,0.4983002245426180,0.0498505271971225,0.670809268951416,0.1771409511566160,0.1790205240249630,0.7846536636352540,0.3634690344333650,0.67136549949646,01e35d03f,19,345,43,371,68.0
4,0.9711174368858340,0.2551663219928740,0.0344407260417938,0.2064807116985320,0.3574977219104770,0.8342439532279970,0.5142004489898680,0.2666229903697970,0.0647124126553535,0.6793397068977360,0.1913531571626660,0.0950983986258506,0.2831231355667110,0.586597204208374,0.1321094632148740,025e61a40,3,279,42,367,49.0
5,0.8717724084854130,0.2173065394163130,0.0448151156306266,0.037103034555912,0.5522768497467040,1.2105807065963700,0.3338379859924320,0.6375793218612670,0.0768181011080741,1.3030149936676000,0.2107904106378560,0.1019536554813390,1.316692590713500,0.4447205364704130,0.3552256524562840,029e31937,28,375,24,283,56.0