bert_dimension_413,bert_dimension_706,bert_dimension_338,bert_dimension_110,bert_dimension_704,polarity,bert_dimension_209,bert_dimension_47,bert_dimension_479,bert_dimension_180,bert_dimension_613,bert_dimension_73,reading_time,bert_dimension_461,bert_dimension_376,bert_dimension_187,bert_dimension_169,bert_dimension_323,bert_dimension_75,bert_dimension_496,bert_dimension_380,reading_ease,PetID,Length
-0.17231579,0.62134075,0.26536196,0.48401853,0.8037136,0.23966666666666700,0.20819011,0.30095646,0.11918397,-0.35859945,-0.66377246,-0.84086055,5.76,-0.20234807,0.3012065,0.4455371,-0.18491274,0.24953383,0.27230608,-0.1287936,-0.6240627,91.11,002efc654,98
-0.095776506,0.5406569,0.17218971,0.5541287,0.82286876,0.19166666666666700,0.13362801,0.27600563,0.31644455,-0.52931845,-0.732902,-0.7034347,4.44,-0.14462611,0.0053547686,0.7832259,-0.30130187,0.15894543,0.30065396,-0.24812195,-0.6792584,81.83,00d26f809,74
0.024425492,0.39601627,0.026229972,0.63926685,0.632367,0.22885358688930100,0.17726457,0.28071338,0.15942696,-0.31670088,-0.73483837,-0.834441,6.51,-0.15154876,0.22749974,0.67429554,0.1460675,-0.0525757,0.3141973,-0.164499,-0.74381804,87.72,0162ff4ad,99
-0.20129359,0.43725297,0.40927023,0.16137412,0.86020696,0.44722222222222200,0.02733316,0.2687246,0.06134024,-0.11161013,-0.4603143,-0.8331687,1.63,-0.05593358,0.20850801,0.32060114,-0.0074186753,0.026377227,0.13459969,-0.22212099,-0.36775327,49.15,01e35d03f,24
-0.16245632,0.77098817,0.05365637,0.43790674,0.9430808,0.255,0.26987398,0.34930977,0.37616864,-0.5256558,-0.675212,-0.9020523,2.82,-0.2593476,0.53385913,0.478094,0.039277375,-0.008305601,0.37823042,-0.114581786,-0.66933084,78.25,025e61a40,40
-0.22540465,0.6598279,0.45858106,0.50516474,0.94700134,0.2714285714285710,0.08107906,0.36339203,0.25283557,-0.4807265,-0.767932,-0.81766963,3.75,-0.15468684,0.44027936,0.44478846,-0.12658174,-0.034409992,0.44585168,-0.06402547,-0.75881565,94.45,029e31937,64